PassengerId,Pclass,Name,Sex,Age,SibSp,Parch,Ticket,Fare,Embarked,Survived,Pclass_bin,Age_bin,SibSp_bin,Parch_bin,Fare_bin,Survived_pred
892,3.0,"Kelly, Mr. James",male,34.5,0.0,0.0,330911,7.8292,Q,,9,4,0,0,0,0
893,3.0,"Wilkes, Mrs. James (Ellen Needs)",female,47.0,1.0,0.0,363272,7.0,S,,9,5,1,0,0,1
894,2.0,"Myles, Mr. Thomas Francis",male,62.0,0.0,0.0,240276,9.6875,Q,,4,7,0,0,0,0
895,3.0,"Wirz, Mr. Albert",male,27.0,0.0,0.0,315154,8.6625,S,,9,3,0,0,0,0
896,3.0,"Hirvonen, Mrs. Alexander (Helga E Lindqvist)",female,22.0,1.0,1.0,3101298,12.2875,S,,9,2,1,1,0,1
897,3.0,"Svensson, Mr. Johan Cervin",male,14.0,0.0,0.0,7538,9.225,S,,9,1,0,0,0,0
898,3.0,"Connolly, Miss. Kate",female,30.0,0.0,0.0,330972,7.6292,Q,,9,3,0,0,0,1
899,2.0,"Caldwell, Mr. Albert Francis",male,26.0,1.0,1.0,248738,29.0,S,,4,3,1,1,0,0
900,3.0,"Abrahim, Mrs. Joseph (Sophie Halaut Easu)",female,18.0,0.0,0.0,2657,7.2292,C,,9,2,0,0,0,1
901,3.0,"Davies, Mr. John Samuel",male,21.0,2.0,0.0,A/4 48871,24.15,S,,9,2,2,0,0,0
902,3.0,"Ilieff, Mr. Ylio",male,,0.0,0.0,349220,7.8958,S,,9,-1,0,0,0,1
903,1.0,"Jones, Mr. Charles Cresson",male,46.0,0.0,0.0,694,26.0,S,,0,5,0,0,0,0
904,1.0,"Snyder, Mrs. John Pillsbury (Nelle Stevenson)",female,23.0,1.0,0.0,21228,82.2667,S,,0,2,1,0,1,1
905,2.0,"Howard, Mr. Benjamin",male,63.0,1.0,0.0,24065,26.0,S,,4,7,1,0,0,0
906,1.0,"Chaffee, Mrs. Herbert Fuller (Carrie Constance Toogood)",female,47.0,1.0,0.0,W.E.P. 5734,61.175,S,,0,5,1,0,1,1
907,2.0,"del Carlo, Mrs. Sebastiano (Argenia Genovesi)",female,24.0,1.0,0.0,SC/PARIS 2167,27.7208,C,,4,2,1,0,0,1
908,2.0,"Keane, Mr. Daniel",male,35.0,0.0,0.0,233734,12.35,Q,,4,4,0,0,0,0
909,3.0,"Assaf, Mr. Gerios",male,21.0,0.0,0.0,2692,7.225,C,,9,2,0,0,0,0
910,3.0,"Ilmakangas, Miss. Ida Livija",female,27.0,1.0,0.0,STON/O2. 3101270,7.925,S,,9,3,1,0,0,0
911,3.0,"Assaf Khalil, Mrs. Mariana (Miriam"")""",female,45.0,0.0,0.0,2696,7.225,C,,9,5,0,0,0,1
912,1.0,"Rothschild, Mr. Martin",male,55.0,1.0,0.0,PC 17603,59.4,C,,0,6,1,0,1,0
913,3.0,"Olsen, Master. Artur Karl",male,9.0,0.0,1.0,C 17368,3.1708,S,,9,1,0,1,0,1
914,1.0,"Flegenheim, Mrs. Alfred (Antoinette)",female,,0.0,0.0,PC 17598,31.6833,S,,0,-1,0,0,0,1
915,1.0,"Williams, Mr. Richard Norris II",male,21.0,0.0,1.0,PC 17597,61.3792,C,,0,2,0,1,1,1
916,1.0,"Ryerson, Mrs. Arthur Larned (Emily Maria Borie)",female,48.0,1.0,3.0,PC 17608,262.375,C,,0,5,1,4,5,1
917,3.0,"Robins, Mr. Alexander A",male,50.0,1.0,0.0,A/5. 3337,14.5,S,,9,6,1,0,0,0
918,1.0,"Ostby, Miss. Helene Ragnhild",female,22.0,0.0,1.0,113509,61.9792,C,,0,2,0,1,1,1
919,3.0,"Daher, Mr. Shedid",male,22.5,0.0,0.0,2698,7.225,C,,9,2,0,0,0,0
920,1.0,"Brady, Mr. John Bertram",male,41.0,0.0,0.0,113054,30.5,S,,0,5,0,0,0,0
921,3.0,"Samaan, Mr. Elias",male,,2.0,0.0,2662,21.6792,C,,9,-1,2,0,0,1
922,2.0,"Louch, Mr. Charles Alexander",male,50.0,1.0,0.0,SC/AH 3085,26.0,S,,4,6,1,0,0,0
923,2.0,"Jefferys, Mr. Clifford Thomas",male,24.0,2.0,0.0,C.A. 31029,31.5,S,,4,2,2,0,0,0
924,3.0,"Dean, Mrs. Bertram (Eva Georgetta Light)",female,33.0,1.0,2.0,C.A. 2315,20.575,S,,9,4,1,3,0,1
925,3.0,"Johnston, Mrs. Andrew G (Elizabeth Lily"" Watson)""",female,,1.0,2.0,W./C. 6607,23.45,S,,9,-1,1,3,0,1
926,1.0,"Mock, Mr. Philipp Edmund",male,30.0,1.0,0.0,13236,57.75,C,,0,3,1,0,1,0
927,3.0,"Katavelas, Mr. Vassilios (Catavelas Vassilios"")""",male,18.5,0.0,0.0,2682,7.2292,C,,9,2,0,0,0,0
928,3.0,"Roth, Miss. Sarah A",female,,0.0,0.0,342712,8.05,S,,9,-1,0,0,0,1
929,3.0,"Cacic, Miss. Manda",female,21.0,0.0,0.0,315087,8.6625,S,,9,2,0,0,0,0
930,3.0,"Sap, Mr. Julius",male,25.0,0.0,0.0,345768,9.5,S,,9,3,0,0,0,0
931,3.0,"Hee, Mr. Ling",male,,0.0,0.0,1601,56.4958,S,,9,-1,0,0,1,1
932,3.0,"Karun, Mr. Franz",male,39.0,0.0,1.0,349256,13.4167,C,,9,4,0,1,0,0
933,1.0,"Franklin, Mr. Thomas Parham",male,,0.0,0.0,113778,26.55,S,,0,-1,0,0,0,1
934,3.0,"Goldsmith, Mr. Nathan",male,41.0,0.0,0.0,SOTON/O.Q. 3101263,7.85,S,,9,5,0,0,0,0
935,2.0,"Corbett, Mrs. Walter H (Irene Colvin)",female,30.0,0.0,0.0,237249,13.0,S,,4,3,0,0,0,1
936,1.0,"Kimball, Mrs. Edwin Nelson Jr (Gertrude Parsons)",female,45.0,1.0,0.0,11753,52.5542,S,,0,5,1,0,1,1
937,3.0,"Peltomaki, Mr. Nikolai Johannes",male,25.0,0.0,0.0,STON/O 2. 3101291,7.925,S,,9,3,0,0,0,0
938,1.0,"Chevre, Mr. Paul Romaine",male,45.0,0.0,0.0,PC 17594,29.7,C,,0,5,0,0,0,0
939,3.0,"Shaughnessy, Mr. Patrick",male,,0.0,0.0,370374,7.75,Q,,9,-1,0,0,0,1
940,1.0,"Bucknell, Mrs. William Robert (Emma Eliza Ward)",female,60.0,0.0,0.0,11813,76.2917,C,,0,7,0,0,1,1
941,3.0,"Coutts, Mrs. William (Winnie Minnie"" Treanor)""",female,36.0,0.0,2.0,C.A. 37671,15.9,S,,9,4,0,3,0,1
942,1.0,"Smith, Mr. Lucien Philip",male,24.0,1.0,0.0,13695,60.0,S,,0,2,1,0,1,0
943,2.0,"Pulbaum, Mr. Franz",male,27.0,0.0,0.0,SC/PARIS 2168,15.0333,C,,4,3,0,0,0,0
944,2.0,"Hocking, Miss. Ellen Nellie""""",female,20.0,2.0,1.0,29105,23.0,S,,4,2,2,1,0,1
945,1.0,"Fortune, Miss. Ethel Flora",female,28.0,3.0,2.0,19950,263.0,S,,0,3,3,3,5,1
946,2.0,"Mangiavacchi, Mr. Serafino Emilio",male,,0.0,0.0,SC/A.3 2861,15.5792,C,,4,-1,0,0,0,1
947,3.0,"Rice, Master. Albert",male,10.0,4.0,1.0,382652,29.125,Q,,9,1,4,1,0,0
948,3.0,"Cor, Mr. Bartol",male,35.0,0.0,0.0,349230,7.8958,S,,9,4,0,0,0,0
949,3.0,"Abelseth, Mr. Olaus Jorgensen",male,25.0,0.0,0.0,348122,7.65,S,,9,3,0,0,0,0
950,3.0,"Davison, Mr. Thomas Henry",male,,1.0,0.0,386525,16.1,S,,9,-1,1,0,0,1
951,1.0,"Chaudanson, Miss. Victorine",female,36.0,0.0,0.0,PC 17608,262.375,C,,0,4,0,0,5,1
952,3.0,"Dika, Mr. Mirko",male,17.0,0.0,0.0,349232,7.8958,S,,9,2,0,0,0,0
953,2.0,"McCrae, Mr. Arthur Gordon",male,32.0,0.0,0.0,237216,13.5,S,,4,3,0,0,0,0
954,3.0,"Bjorklund, Mr. Ernst Herbert",male,18.0,0.0,0.0,347090,7.75,S,,9,2,0,0,0,0
955,3.0,"Bradley, Miss. Bridget Delia",female,22.0,0.0,0.0,334914,7.725,Q,,9,2,0,0,0,1
956,1.0,"Ryerson, Master. John Borie",male,13.0,2.0,2.0,PC 17608,262.375,C,,0,1,2,3,5,0
957,2.0,"Corey, Mrs. Percy C (Mary Phyllis Elizabeth Miller)",female,,0.0,0.0,F.C.C. 13534,21.0,S,,4,-1,0,0,0,1
958,3.0,"Burns, Miss. Mary Delia",female,18.0,0.0,0.0,330963,7.8792,Q,,9,2,0,0,0,1
959,1.0,"Moore, Mr. Clarence Bloomfield",male,47.0,0.0,0.0,113796,42.4,S,,0,5,0,0,0,0
960,1.0,"Tucker, Mr. Gilbert Milligan Jr",male,31.0,0.0,0.0,2543,28.5375,C,,0,3,0,0,0,1
961,1.0,"Fortune, Mrs. Mark (Mary McDougald)",female,60.0,1.0,4.0,19950,263.0,S,,0,7,1,6,5,1
962,3.0,"Mulvihill, Miss. Bertha E",female,24.0,0.0,0.0,382653,7.75,Q,,9,2,0,0,0,1
963,3.0,"Minkoff, Mr. Lazar",male,21.0,0.0,0.0,349211,7.8958,S,,9,2,0,0,0,0
964,3.0,"Nieminen, Miss. Manta Josefina",female,29.0,0.0,0.0,3101297,7.925,S,,9,3,0,0,0,0
965,1.0,"Ovies y Rodriguez, Mr. Servando",male,28.5,0.0,0.0,PC 17562,27.7208,C,,0,3,0,0,0,0
966,1.0,"Geiger, Miss. Amalie",female,35.0,0.0,0.0,113503,211.5,C,,0,4,0,0,4,1
967,1.0,"Keeping, Mr. Edwin",male,32.5,0.0,0.0,113503,211.5,C,,0,4,0,0,4,0
968,3.0,"Miles, Mr. Frank",male,,0.0,0.0,359306,8.05,S,,9,-1,0,0,0,1
969,1.0,"Cornell, Mrs. Robert Clifford (Malvina Helen Lamson)",female,55.0,2.0,0.0,11770,25.7,S,,0,6,2,0,0,1
970,2.0,"Aldworth, Mr. Charles Augustus",male,30.0,0.0,0.0,248744,13.0,S,,4,3,0,0,0,0
971,3.0,"Doyle, Miss. Elizabeth",female,24.0,0.0,0.0,368702,7.75,Q,,9,2,0,0,0,1
972,3.0,"Boulos, Master. Akar",male,6.0,1.0,1.0,2678,15.2458,C,,9,0,1,1,0,1
973,1.0,"Straus, Mr. Isidor",male,67.0,1.0,0.0,PC 17483,221.7792,S,,0,8,1,0,4,0
974,1.0,"Case, Mr. Howard Brown",male,49.0,0.0,0.0,19924,26.0,S,,0,6,0,0,0,0
975,3.0,"Demetri, Mr. Marinko",male,,0.0,0.0,349238,7.8958,S,,9,-1,0,0,0,1
976,2.0,"Lamb, Mr. John Joseph",male,,0.0,0.0,240261,10.7083,Q,,4,-1,0,0,0,1
977,3.0,"Khalil, Mr. Betros",male,,1.0,0.0,2660,14.4542,C,,9,-1,1,0,0,1
978,3.0,"Barry, Miss. Julia",female,27.0,0.0,0.0,330844,7.8792,Q,,9,3,0,0,0,1
979,3.0,"Badman, Miss. Emily Louisa",female,18.0,0.0,0.0,A/4 31416,8.05,S,,9,2,0,0,0,1
980,3.0,"O'Donoghue, Ms. Bridget",female,,0.0,0.0,364856,7.75,Q,,9,-1,0,0,0,1
981,2.0,"Wells, Master. Ralph Lester",male,2.0,1.0,1.0,29103,23.0,S,,4,0,1,1,0,1
982,3.0,"Dyker, Mrs. Adolf Fredrik (Anna Elisabeth Judith Andersson)",female,22.0,1.0,0.0,347072,13.9,S,,9,2,1,0,0,0
983,3.0,"Pedersen, Mr. Olaf",male,,0.0,0.0,345498,7.775,S,,9,-1,0,0,0,1
984,1.0,"Davidson, Mrs. Thornton (Orian Hays)",female,27.0,1.0,2.0,F.C. 12750,52.0,S,,0,3,1,3,1,1
985,3.0,"Guest, Mr. Robert",male,,0.0,0.0,376563,8.05,S,,9,-1,0,0,0,1
986,1.0,"Birnbaum, Mr. Jakob",male,25.0,0.0,0.0,13905,26.0,C,,0,3,0,0,0,0
987,3.0,"Tenglin, Mr. Gunnar Isidor",male,25.0,0.0,0.0,350033,7.7958,S,,9,3,0,0,0,0
988,1.0,"Cavendish, Mrs. Tyrell William (Julia Florence Siegel)",female,76.0,1.0,0.0,19877,78.85,S,,0,9,1,0,1,1
989,3.0,"Makinen, Mr. Kalle Edvard",male,29.0,0.0,0.0,STON/O 2. 3101268,7.925,S,,9,3,0,0,0,0
990,3.0,"Braf, Miss. Elin Ester Maria",female,20.0,0.0,0.0,347471,7.8542,S,,9,2,0,0,0,1
991,3.0,"Nancarrow, Mr. William Henry",male,33.0,0.0,0.0,A./5. 3338,8.05,S,,9,4,0,0,0,0
992,1.0,"Stengel, Mrs. Charles Emil Henry (Annie May Morris)",female,43.0,1.0,0.0,11778,55.4417,C,,0,5,1,0,1,1
993,2.0,"Weisz, Mr. Leopold",male,27.0,1.0,0.0,228414,26.0,S,,4,3,1,0,0,0
994,3.0,"Foley, Mr. William",male,,0.0,0.0,365235,7.75,Q,,9,-1,0,0,0,1
995,3.0,"Johansson Palmquist, Mr. Oskar Leander",male,26.0,0.0,0.0,347070,7.775,S,,9,3,0,0,0,0
996,3.0,"Thomas, Mrs. Alexander (Thamine Thelma"")""",female,16.0,1.0,1.0,2625,8.5167,C,,9,1,1,1,0,1
997,3.0,"Holthen, Mr. Johan Martin",male,28.0,0.0,0.0,C 4001,22.525,S,,9,3,0,0,0,0
998,3.0,"Buckley, Mr. Daniel",male,21.0,0.0,0.0,330920,7.8208,Q,,9,2,0,0,0,0
999,3.0,"Ryan, Mr. Edward",male,,0.0,0.0,383162,7.75,Q,,9,-1,0,0,0,1
1000,3.0,"Willer, Mr. Aaron (Abi Weller"")""",male,,0.0,0.0,3410,8.7125,S,,9,-1,0,0,0,1
1001,2.0,"Swane, Mr. George",male,18.5,0.0,0.0,248734,13.0,S,,4,2,0,0,0,0
1002,2.0,"Stanton, Mr. Samuel Ward",male,41.0,0.0,0.0,237734,15.0458,C,,4,5,0,0,0,0
1003,3.0,"Shine, Miss. Ellen Natalia",female,,0.0,0.0,330968,7.7792,Q,,9,-1,0,0,0,1
1004,1.0,"Evans, Miss. Edith Corse",female,36.0,0.0,0.0,PC 17531,31.6792,C,,0,4,0,0,0,1
1005,3.0,"Buckley, Miss. Katherine",female,18.5,0.0,0.0,329944,7.2833,Q,,9,2,0,0,0,1
1006,1.0,"Straus, Mrs. Isidor (Rosalie Ida Blun)",female,63.0,1.0,0.0,PC 17483,221.7792,S,,0,7,1,0,4,1
1007,3.0,"Chronopoulos, Mr. Demetrios",male,18.0,1.0,0.0,2680,14.4542,C,,9,2,1,0,0,0
1008,3.0,"Thomas, Mr. John",male,,0.0,0.0,2681,6.4375,C,,9,-1,0,0,0,1
1009,3.0,"Sandstrom, Miss. Beatrice Irene",female,1.0,1.0,1.0,PP 9549,16.7,S,,9,0,1,1,0,1
1010,1.0,"Beattie, Mr. Thomson",male,36.0,0.0,0.0,13050,75.2417,C,,0,4,0,0,1,0
1011,2.0,"Chapman, Mrs. John Henry (Sara Elizabeth Lawry)",female,29.0,1.0,0.0,SC/AH 29037,26.0,S,,4,3,1,0,0,1
1012,2.0,"Watt, Miss. Bertha J",female,12.0,0.0,0.0,C.A. 33595,15.75,S,,4,1,0,0,0,1
1013,3.0,"Kiernan, Mr. John",male,,1.0,0.0,367227,7.75,Q,,9,-1,1,0,0,1
1014,1.0,"Schabert, Mrs. Paul (Emma Mock)",female,35.0,1.0,0.0,13236,57.75,C,,0,4,1,0,1,1
1015,3.0,"Carver, Mr. Alfred John",male,28.0,0.0,0.0,392095,7.25,S,,9,3,0,0,0,0
1016,3.0,"Kennedy, Mr. John",male,,0.0,0.0,368783,7.75,Q,,9,-1,0,0,0,1
1017,3.0,"Cribb, Miss. Laura Alice",female,17.0,0.0,1.0,371362,16.1,S,,9,2,0,1,0,1
1018,3.0,"Brobeck, Mr. Karl Rudolf",male,22.0,0.0,0.0,350045,7.7958,S,,9,2,0,0,0,0
1019,3.0,"McCoy, Miss. Alicia",female,,2.0,0.0,367226,23.25,Q,,9,-1,2,0,0,1
1020,2.0,"Bowenur, Mr. Solomon",male,42.0,0.0,0.0,211535,13.0,S,,4,5,0,0,0,0
1021,3.0,"Petersen, Mr. Marius",male,24.0,0.0,0.0,342441,8.05,S,,9,2,0,0,0,0
1022,3.0,"Spinner, Mr. Henry John",male,32.0,0.0,0.0,STON/OQ. 369943,8.05,S,,9,3,0,0,0,0
1023,1.0,"Gracie, Col. Archibald IV",male,53.0,0.0,0.0,113780,28.5,C,,0,6,0,0,0,0
1024,3.0,"Lefebre, Mrs. Frank (Frances)",female,,0.0,4.0,4133,25.4667,S,,9,-1,0,6,0,0
1025,3.0,"Thomas, Mr. Charles P",male,,1.0,0.0,2621,6.4375,C,,9,-1,1,0,0,1
1026,3.0,"Dintcheff, Mr. Valtcho",male,43.0,0.0,0.0,349226,7.8958,S,,9,5,0,0,0,0
1027,3.0,"Carlsson, Mr. Carl Robert",male,24.0,0.0,0.0,350409,7.8542,S,,9,2,0,0,0,0
1028,3.0,"Zakarian, Mr. Mapriededer",male,26.5,0.0,0.0,2656,7.225,C,,9,3,0,0,0,0
1029,2.0,"Schmidt, Mr. August",male,26.0,0.0,0.0,248659,13.0,S,,4,3,0,0,0,0
1030,3.0,"Drapkin, Miss. Jennie",female,23.0,0.0,0.0,SOTON/OQ 392083,8.05,S,,9,2,0,0,0,0
1031,3.0,"Goodwin, Mr. Charles Frederick",male,40.0,1.0,6.0,CA 2144,46.9,S,,9,4,1,9,0,0
1032,3.0,"Goodwin, Miss. Jessie Allis",female,10.0,5.0,2.0,CA 2144,46.9,S,,9,1,6,3,0,0
1033,1.0,"Daniels, Miss. Sarah",female,33.0,0.0,0.0,113781,151.55,S,,0,4,0,0,2,1
1034,1.0,"Ryerson, Mr. Arthur Larned",male,61.0,1.0,3.0,PC 17608,262.375,C,,0,7,1,4,5,0
1035,2.0,"Beauchamp, Mr. Henry James",male,28.0,0.0,0.0,244358,26.0,S,,4,3,0,0,0,0
1036,1.0,"Lindeberg-Lind, Mr. Erik Gustaf (Mr Edward Lingrey"")""",male,42.0,0.0,0.0,17475,26.55,S,,0,5,0,0,0,0
1037,3.0,"Vander Planke, Mr. Julius",male,31.0,3.0,0.0,345763,18.0,S,,9,3,3,0,0,0
1038,1.0,"Hilliard, Mr. Herbert Henry",male,,0.0,0.0,17463,51.8625,S,,0,-1,0,0,1,1
1039,3.0,"Davies, Mr. Evan",male,22.0,0.0,0.0,SC/A4 23568,8.05,S,,9,2,0,0,0,0
1040,1.0,"Crafton, Mr. John Bertram",male,,0.0,0.0,113791,26.55,S,,0,-1,0,0,0,1
1041,2.0,"Lahtinen, Rev. William",male,30.0,1.0,1.0,250651,26.0,S,,4,3,1,1,0,0
1042,1.0,"Earnshaw, Mrs. Boulton (Olive Potter)",female,23.0,0.0,1.0,11767,83.1583,C,,0,2,0,1,1,1
1043,3.0,"Matinoff, Mr. Nicola",male,,0.0,0.0,349255,7.8958,C,,9,-1,0,0,0,1
1044,3.0,"Storey, Mr. Thomas",male,60.5,0.0,0.0,3701,,S,,9,7,0,0,-1,0
1045,3.0,"Klasen, Mrs. (Hulda Kristina Eugenia Lofqvist)",female,36.0,0.0,2.0,350405,12.1833,S,,9,4,0,3,0,1
1046,3.0,"Asplund, Master. Filip Oscar",male,13.0,4.0,2.0,347077,31.3875,S,,9,1,4,3,0,0
1047,3.0,"Duquemin, Mr. Joseph",male,24.0,0.0,0.0,S.O./P.P. 752,7.55,S,,9,2,0,0,0,0
1048,1.0,"Bird, Miss. Ellen",female,29.0,0.0,0.0,PC 17483,221.7792,S,,0,3,0,0,4,1
1049,3.0,"Lundin, Miss. Olga Elida",female,23.0,0.0,0.0,347469,7.8542,S,,9,2,0,0,0,1
1050,1.0,"Borebank, Mr. John James",male,42.0,0.0,0.0,110489,26.55,S,,0,5,0,0,0,0
1051,3.0,"Peacock, Mrs. Benjamin (Edith Nile)",female,26.0,0.0,2.0,SOTON/O.Q. 3101315,13.775,S,,9,3,0,3,0,0
1052,3.0,"Smyth, Miss. Julia",female,,0.0,0.0,335432,7.7333,Q,,9,-1,0,0,0,1
1053,3.0,"Touma, Master. Georges Youssef",male,7.0,1.0,1.0,2650,15.2458,C,,9,0,1,1,0,1
1054,2.0,"Wright, Miss. Marion",female,26.0,0.0,0.0,220844,13.5,S,,4,3,0,0,0,1
1055,3.0,"Pearce, Mr. Ernest",male,,0.0,0.0,343271,7.0,S,,9,-1,0,0,0,1
1056,2.0,"Peruschitz, Rev. Joseph Maria",male,41.0,0.0,0.0,237393,13.0,S,,4,5,0,0,0,0
1057,3.0,"Kink-Heilmann, Mrs. Anton (Luise Heilmann)",female,26.0,1.0,1.0,315153,22.025,S,,9,3,1,1,0,1
1058,1.0,"Brandeis, Mr. Emil",male,48.0,0.0,0.0,PC 17591,50.4958,C,,0,5,0,0,0,0
1059,3.0,"Ford, Mr. Edward Watson",male,18.0,2.0,2.0,W./C. 6608,34.375,S,,9,2,2,3,0,0
1060,1.0,"Cassebeer, Mrs. Henry Arthur Jr (Eleanor Genevieve Fosdick)",female,,0.0,0.0,17770,27.7208,C,,0,-1,0,0,0,1
1061,3.0,"Hellstrom, Miss. Hilda Maria",female,22.0,0.0,0.0,7548,8.9625,S,,9,2,0,0,0,0
1062,3.0,"Lithman, Mr. Simon",male,,0.0,0.0,S.O./P.P. 251,7.55,S,,9,-1,0,0,0,1
1063,3.0,"Zakarian, Mr. Ortin",male,27.0,0.0,0.0,2670,7.225,C,,9,3,0,0,0,0
1064,3.0,"Dyker, Mr. Adolf Fredrik",male,23.0,1.0,0.0,347072,13.9,S,,9,2,1,0,0,0
1065,3.0,"Torfa, Mr. Assad",male,,0.0,0.0,2673,7.2292,C,,9,-1,0,0,0,1
1066,3.0,"Asplund, Mr. Carl Oscar Vilhelm Gustafsson",male,40.0,1.0,5.0,347077,31.3875,S,,9,4,1,8,0,0
1067,2.0,"Brown, Miss. Edith Eileen",female,15.0,0.0,2.0,29750,39.0,S,,4,1,0,3,0,1
1068,2.0,"Sincock, Miss. Maude",female,20.0,0.0,0.0,C.A. 33112,36.75,S,,4,2,0,0,0,1
1069,1.0,"Stengel, Mr. Charles Emil Henry",male,54.0,1.0,0.0,11778,55.4417,C,,0,6,1,0,1,0
1070,2.0,"Becker, Mrs. Allen Oliver (Nellie E Baumgardner)",female,36.0,0.0,3.0,230136,39.0,S,,4,4,0,4,0,1
1071,1.0,"Compton, Mrs. Alexander Taylor (Mary Eliza Ingersoll)",female,64.0,0.0,2.0,PC 17756,83.1583,C,,0,7,0,3,1,1
1072,2.0,"McCrie, Mr. James Matthew",male,30.0,0.0,0.0,233478,13.0,S,,4,3,0,0,0,0
1073,1.0,"Compton, Mr. Alexander Taylor Jr",male,37.0,1.0,1.0,PC 17756,83.1583,C,,0,4,1,1,1,0
1074,1.0,"Marvin, Mrs. Daniel Warner (Mary Graham Carmichael Farquarson)",female,18.0,1.0,0.0,113773,53.1,S,,0,2,1,0,1,1
1075,3.0,"Lane, Mr. Patrick",male,,0.0,0.0,7935,7.75,Q,,9,-1,0,0,0,1
1076,1.0,"Douglas, Mrs. Frederick Charles (Mary Helene Baxter)",female,27.0,1.0,1.0,PC 17558,247.5208,C,,0,3,1,1,4,1
1077,2.0,"Maybery, Mr. Frank Hubert",male,40.0,0.0,0.0,239059,16.0,S,,4,4,0,0,0,0
1078,2.0,"Phillips, Miss. Alice Frances Louisa",female,21.0,0.0,1.0,S.O./P.P. 2,21.0,S,,4,2,0,1,0,1
1079,3.0,"Davies, Mr. Joseph",male,17.0,2.0,0.0,A/4 48873,8.05,S,,9,2,2,0,0,0
1080,3.0,"Sage, Miss. Ada",female,,8.0,2.0,CA. 2343,69.55,S,,9,-1,9,3,1,0
1081,2.0,"Veal, Mr. James",male,40.0,0.0,0.0,28221,13.0,S,,4,4,0,0,0,0
1082,2.0,"Angle, Mr. William A",male,34.0,1.0,0.0,226875,26.0,S,,4,4,1,0,0,0
1083,1.0,"Salomon, Mr. Abraham L",male,,0.0,0.0,111163,26.0,S,,0,-1,0,0,0,1
1084,3.0,"van Billiard, Master. Walter John",male,11.5,1.0,1.0,A/5. 851,14.5,S,,9,1,1,1,0,0
1085,2.0,"Lingane, Mr. John",male,61.0,0.0,0.0,235509,12.35,Q,,4,7,0,0,0,0
1086,2.0,"Drew, Master. Marshall Brines",male,8.0,0.0,2.0,28220,32.5,S,,4,0,0,3,0,1
1087,3.0,"Karlsson, Mr. Julius Konrad Eugen",male,33.0,0.0,0.0,347465,7.8542,S,,9,4,0,0,0,0
1088,1.0,"Spedden, Master. Robert Douglas",male,6.0,0.0,2.0,16966,134.5,C,,0,0,0,3,2,1
1089,3.0,"Nilsson, Miss. Berta Olivia",female,18.0,0.0,0.0,347066,7.775,S,,9,2,0,0,0,1
1090,2.0,"Baimbrigge, Mr. Charles Robert",male,23.0,0.0,0.0,C.A. 31030,10.5,S,,4,2,0,0,0,0
1091,3.0,"Rasmussen, Mrs. (Lena Jacobsen Solvang)",female,,0.0,0.0,65305,8.1125,S,,9,-1,0,0,0,1
1092,3.0,"Murphy, Miss. Nora",female,,0.0,0.0,36568,15.5,Q,,9,-1,0,0,0,1
1093,3.0,"Danbom, Master. Gilbert Sigvard Emanuel",male,0.33,0.0,2.0,347080,14.4,S,,9,-1,0,3,0,1
1094,1.0,"Astor, Col. John Jacob",male,47.0,1.0,0.0,PC 17757,227.525,C,,0,5,1,0,4,0
1095,2.0,"Quick, Miss. Winifred Vera",female,8.0,1.0,1.0,26360,26.0,S,,4,0,1,1,0,1
1096,2.0,"Andrew, Mr. Frank Thomas",male,25.0,0.0,0.0,C.A. 34050,10.5,S,,4,3,0,0,0,0
1097,1.0,"Omont, Mr. Alfred Fernand",male,,0.0,0.0,F.C. 12998,25.7417,C,,0,-1,0,0,0,1
1098,3.0,"McGowan, Miss. Katherine",female,35.0,0.0,0.0,9232,7.75,Q,,9,4,0,0,0,1
1099,2.0,"Collett, Mr. Sidney C Stuart",male,24.0,0.0,0.0,28034,10.5,S,,4,2,0,0,0,0
1100,1.0,"Rosenbaum, Miss. Edith Louise",female,33.0,0.0,0.0,PC 17613,27.7208,C,,0,4,0,0,0,1
1101,3.0,"Delalic, Mr. Redjo",male,25.0,0.0,0.0,349250,7.8958,S,,9,3,0,0,0,0
1102,3.0,"Andersen, Mr. Albert Karvin",male,32.0,0.0,0.0,C 4001,22.525,S,,9,3,0,0,0,0
1103,3.0,"Finoli, Mr. Luigi",male,,0.0,0.0,SOTON/O.Q. 3101308,7.05,S,,9,-1,0,0,0,1
1104,2.0,"Deacon, Mr. Percy William",male,17.0,0.0,0.0,S.O.C. 14879,73.5,S,,4,2,0,0,1,0
1105,2.0,"Howard, Mrs. Benjamin (Ellen Truelove Arman)",female,60.0,1.0,0.0,24065,26.0,S,,4,7,1,0,0,1
1106,3.0,"Andersson, Miss. Ida Augusta Margareta",female,38.0,4.0,2.0,347091,7.775,S,,9,4,4,3,0,0
1107,1.0,"Head, Mr. Christopher",male,42.0,0.0,0.0,113038,42.5,S,,0,5,0,0,0,0
1108,3.0,"Mahon, Miss. Bridget Delia",female,,0.0,0.0,330924,7.8792,Q,,9,-1,0,0,0,1
1109,1.0,"Wick, Mr. George Dennick",male,57.0,1.0,1.0,36928,164.8667,S,,0,7,1,1,3,0
1110,1.0,"Widener, Mrs. George Dunton (Eleanor Elkins)",female,50.0,1.0,1.0,113503,211.5,C,,0,6,1,1,4,1
1111,3.0,"Thomson, Mr. Alexander Morrison",male,,0.0,0.0,32302,8.05,S,,9,-1,0,0,0,1
1112,2.0,"Duran y More, Miss. Florentina",female,30.0,1.0,0.0,SC/PARIS 2148,13.8583,C,,4,3,1,0,0,1
1113,3.0,"Reynolds, Mr. Harold J",male,21.0,0.0,0.0,342684,8.05,S,,9,2,0,0,0,0
1114,2.0,"Cook, Mrs. (Selena Rogers)",female,22.0,0.0,0.0,W./C. 14266,10.5,S,,4,2,0,0,0,1
1115,3.0,"Karlsson, Mr. Einar Gervasius",male,21.0,0.0,0.0,350053,7.7958,S,,9,2,0,0,0,0
1116,1.0,"Candee, Mrs. Edward (Helen Churchill Hungerford)",female,53.0,0.0,0.0,PC 17606,27.4458,C,,0,6,0,0,0,1
1117,3.0,"Moubarek, Mrs. George (Omine Amenia"" Alexander)""",female,,0.0,2.0,2661,15.2458,C,,9,-1,0,3,0,1
1118,3.0,"Asplund, Mr. Johan Charles",male,23.0,0.0,0.0,350054,7.7958,S,,9,2,0,0,0,0
1119,3.0,"McNeill, Miss. Bridget",female,,0.0,0.0,370368,7.75,Q,,9,-1,0,0,0,1
1120,3.0,"Everett, Mr. Thomas James",male,40.5,0.0,0.0,C.A. 6212,15.1,S,,9,5,0,0,0,0
1121,2.0,"Hocking, Mr. Samuel James Metcalfe",male,36.0,0.0,0.0,242963,13.0,S,,4,4,0,0,0,0
1122,2.0,"Sweet, Mr. George Frederick",male,14.0,0.0,0.0,220845,65.0,S,,4,1,0,0,1,0
1123,1.0,"Willard, Miss. Constance",female,21.0,0.0,0.0,113795,26.55,S,,0,2,0,0,0,1
1124,3.0,"Wiklund, Mr. Karl Johan",male,21.0,1.0,0.0,3101266,6.4958,S,,9,2,1,0,0,0
1125,3.0,"Linehan, Mr. Michael",male,,0.0,0.0,330971,7.8792,Q,,9,-1,0,0,0,1
1126,1.0,"Cumings, Mr. John Bradley",male,39.0,1.0,0.0,PC 17599,71.2833,C,,0,4,1,0,1,0
1127,3.0,"Vendel, Mr. Olof Edvin",male,20.0,0.0,0.0,350416,7.8542,S,,9,2,0,0,0,0
1128,1.0,"Warren, Mr. Frank Manley",male,64.0,1.0,0.0,110813,75.25,C,,0,7,1,0,1,0
1129,3.0,"Baccos, Mr. Raffull",male,20.0,0.0,0.0,2679,7.225,C,,9,2,0,0,0,0
1130,2.0,"Hiltunen, Miss. Marta",female,18.0,1.0,1.0,250650,13.0,S,,4,2,1,1,0,1
1131,1.0,"Douglas, Mrs. Walter Donald (Mahala Dutton)",female,48.0,1.0,0.0,PC 17761,106.425,C,,0,5,1,0,2,1
1132,1.0,"Lindstrom, Mrs. Carl Johan (Sigrid Posse)",female,55.0,0.0,0.0,112377,27.7208,C,,0,6,0,0,0,1
1133,2.0,"Christy, Mrs. (Alice Frances)",female,45.0,0.0,2.0,237789,30.0,S,,4,5,0,3,0,1
1134,1.0,"Spedden, Mr. Frederic Oakley",male,45.0,1.0,1.0,16966,134.5,C,,0,5,1,1,2,0
1135,3.0,"Hyman, Mr. Abraham",male,,0.0,0.0,3470,7.8875,S,,9,-1,0,0,0,1
1136,3.0,"Johnston, Master. William Arthur Willie""""",male,,1.0,2.0,W./C. 6607,23.45,S,,9,-1,1,3,0,1
1137,1.0,"Kenyon, Mr. Frederick R",male,41.0,1.0,0.0,17464,51.8625,S,,0,5,1,0,1,0
1138,2.0,"Karnes, Mrs. J Frank (Claire Bennett)",female,22.0,0.0,0.0,F.C.C. 13534,21.0,S,,4,2,0,0,0,1
1139,2.0,"Drew, Mr. James Vivian",male,42.0,1.0,1.0,28220,32.5,S,,4,5,1,1,0,0
1140,2.0,"Hold, Mrs. Stephen (Annie Margaret Hill)",female,29.0,1.0,0.0,26707,26.0,S,,4,3,1,0,0,1
1141,3.0,"Khalil, Mrs. Betros (Zahie Maria"" Elias)""",female,,1.0,0.0,2660,14.4542,C,,9,-1,1,0,0,1
1142,2.0,"West, Miss. Barbara J",female,0.92,1.0,2.0,C.A. 34651,27.75,S,,4,0,1,3,0,1
1143,3.0,"Abrahamsson, Mr. Abraham August Johannes",male,20.0,0.0,0.0,SOTON/O2 3101284,7.925,S,,9,2,0,0,0,0
1144,1.0,"Clark, Mr. Walter Miller",male,27.0,1.0,0.0,13508,136.7792,C,,0,3,1,0,2,0
1145,3.0,"Salander, Mr. Karl Johan",male,24.0,0.0,0.0,7266,9.325,S,,9,2,0,0,0,0
1146,3.0,"Wenzel, Mr. Linhart",male,32.5,0.0,0.0,345775,9.5,S,,9,4,0,0,0,0
1147,3.0,"MacKay, Mr. George William",male,,0.0,0.0,C.A. 42795,7.55,S,,9,-1,0,0,0,1
1148,3.0,"Mahon, Mr. John",male,,0.0,0.0,AQ/4 3130,7.75,Q,,9,-1,0,0,0,1
1149,3.0,"Niklasson, Mr. Samuel",male,28.0,0.0,0.0,363611,8.05,S,,9,3,0,0,0,0
1150,2.0,"Bentham, Miss. Lilian W",female,19.0,0.0,0.0,28404,13.0,S,,4,2,0,0,0,1
1151,3.0,"Midtsjo, Mr. Karl Albert",male,21.0,0.0,0.0,345501,7.775,S,,9,2,0,0,0,0
1152,3.0,"de Messemaeker, Mr. Guillaume Joseph",male,36.5,1.0,0.0,345572,17.4,S,,9,4,1,0,0,0
1153,3.0,"Nilsson, Mr. August Ferdinand",male,21.0,0.0,0.0,350410,7.8542,S,,9,2,0,0,0,0
1154,2.0,"Wells, Mrs. Arthur Henry (Addie"" Dart Trevaskis)""",female,29.0,0.0,2.0,29103,23.0,S,,4,3,0,3,0,1
1155,3.0,"Klasen, Miss. Gertrud Emilia",female,1.0,1.0,1.0,350405,12.1833,S,,9,0,1,1,0,1
1156,2.0,"Portaluppi, Mr. Emilio Ilario Giuseppe",male,30.0,0.0,0.0,C.A. 34644,12.7375,C,,4,3,0,0,0,0
1157,3.0,"Lyntakoff, Mr. Stanko",male,,0.0,0.0,349235,7.8958,S,,9,-1,0,0,0,1
1158,1.0,"Chisholm, Mr. Roderick Robert Crispin",male,,0.0,0.0,112051,0.0,S,,0,-1,0,0,0,1
1159,3.0,"Warren, Mr. Charles William",male,,0.0,0.0,C.A. 49867,7.55,S,,9,-1,0,0,0,1
1160,3.0,"Howard, Miss. May Elizabeth",female,,0.0,0.0,A. 2. 39186,8.05,S,,9,-1,0,0,0,1
1161,3.0,"Pokrnic, Mr. Mate",male,17.0,0.0,0.0,315095,8.6625,S,,9,2,0,0,0,0
1162,1.0,"McCaffry, Mr. Thomas Francis",male,46.0,0.0,0.0,13050,75.2417,C,,0,5,0,0,1,0
1163,3.0,"Fox, Mr. Patrick",male,,0.0,0.0,368573,7.75,Q,,9,-1,0,0,0,1
1164,1.0,"Clark, Mrs. Walter Miller (Virginia McDowell)",female,26.0,1.0,0.0,13508,136.7792,C,,0,3,1,0,2,1
1165,3.0,"Lennon, Miss. Mary",female,,1.0,0.0,370371,15.5,Q,,9,-1,1,0,0,1
1166,3.0,"Saade, Mr. Jean Nassr",male,,0.0,0.0,2676,7.225,C,,9,-1,0,0,0,1
1167,2.0,"Bryhl, Miss. Dagmar Jenny Ingeborg ",female,20.0,1.0,0.0,236853,26.0,S,,4,2,1,0,0,1
1168,2.0,"Parker, Mr. Clifford Richard",male,28.0,0.0,0.0,SC 14888,10.5,S,,4,3,0,0,0,0
1169,2.0,"Faunthorpe, Mr. Harry",male,40.0,1.0,0.0,2926,26.0,S,,4,4,1,0,0,0
1170,2.0,"Ware, Mr. John James",male,30.0,1.0,0.0,CA 31352,21.0,S,,4,3,1,0,0,0
1171,2.0,"Oxenham, Mr. Percy Thomas",male,22.0,0.0,0.0,W./C. 14260,10.5,S,,4,2,0,0,0,0
1172,3.0,"Oreskovic, Miss. Jelka",female,23.0,0.0,0.0,315085,8.6625,S,,9,2,0,0,0,0
1173,3.0,"Peacock, Master. Alfred Edward",male,0.75,1.0,1.0,SOTON/O.Q. 3101315,13.775,S,,9,0,1,1,0,1
1174,3.0,"Fleming, Miss. Honora",female,,0.0,0.0,364859,7.75,Q,,9,-1,0,0,0,1
1175,3.0,"Touma, Miss. Maria Youssef",female,9.0,1.0,1.0,2650,15.2458,C,,9,1,1,1,0,1
1176,3.0,"Rosblom, Miss. Salli Helena",female,2.0,1.0,1.0,370129,20.2125,S,,9,0,1,1,0,1
1177,3.0,"Dennis, Mr. William",male,36.0,0.0,0.0,A/5 21175,7.25,S,,9,4,0,0,0,0
1178,3.0,"Franklin, Mr. Charles (Charles Fardon)",male,,0.0,0.0,SOTON/O.Q. 3101314,7.25,S,,9,-1,0,0,0,1
1179,1.0,"Snyder, Mr. John Pillsbury",male,24.0,1.0,0.0,21228,82.2667,S,,0,2,1,0,1,0
1180,3.0,"Mardirosian, Mr. Sarkis",male,,0.0,0.0,2655,7.2292,C,,9,-1,0,0,0,1
1181,3.0,"Ford, Mr. Arthur",male,,0.0,0.0,A/5 1478,8.05,S,,9,-1,0,0,0,1
1182,1.0,"Rheims, Mr. George Alexander Lucien",male,,0.0,0.0,PC 17607,39.6,S,,0,-1,0,0,0,1
1183,3.0,"Daly, Miss. Margaret Marcella Maggie""""",female,30.0,0.0,0.0,382650,6.95,Q,,9,3,0,0,0,1
1184,3.0,"Nasr, Mr. Mustafa",male,,0.0,0.0,2652,7.2292,C,,9,-1,0,0,0,1
1185,1.0,"Dodge, Dr. Washington",male,53.0,1.0,1.0,33638,81.8583,S,,0,6,1,1,1,0
1186,3.0,"Wittevrongel, Mr. Camille",male,36.0,0.0,0.0,345771,9.5,S,,9,4,0,0,0,0
1187,3.0,"Angheloff, Mr. Minko",male,26.0,0.0,0.0,349202,7.8958,S,,9,3,0,0,0,0
1188,2.0,"Laroche, Miss. Louise",female,1.0,1.0,2.0,SC/Paris 2123,41.5792,C,,4,0,1,3,0,1
1189,3.0,"Samaan, Mr. Hanna",male,,2.0,0.0,2662,21.6792,C,,9,-1,2,0,0,1
1190,1.0,"Loring, Mr. Joseph Holland",male,30.0,0.0,0.0,113801,45.5,S,,0,3,0,0,0,0
1191,3.0,"Johansson, Mr. Nils",male,29.0,0.0,0.0,347467,7.8542,S,,9,3,0,0,0,0
1192,3.0,"Olsson, Mr. Oscar Wilhelm",male,32.0,0.0,0.0,347079,7.775,S,,9,3,0,0,0,0
1193,2.0,"Malachard, Mr. Noel",male,,0.0,0.0,237735,15.0458,C,,4,-1,0,0,0,1
1194,2.0,"Phillips, Mr. Escott Robert",male,43.0,0.0,1.0,S.O./P.P. 2,21.0,S,,4,5,0,1,0,0
1195,3.0,"Pokrnic, Mr. Tome",male,24.0,0.0,0.0,315092,8.6625,S,,9,2,0,0,0,0
1196,3.0,"McCarthy, Miss. Catherine Katie""""",female,,0.0,0.0,383123,7.75,Q,,9,-1,0,0,0,1
1197,1.0,"Crosby, Mrs. Edward Gifford (Catherine Elizabeth Halstead)",female,64.0,1.0,1.0,112901,26.55,S,,0,7,1,1,0,1
1198,1.0,"Allison, Mr. Hudson Joshua Creighton",male,30.0,1.0,2.0,113781,151.55,S,,0,3,1,3,2,0
1199,3.0,"Aks, Master. Philip Frank",male,0.83,0.0,1.0,392091,9.35,S,,9,0,0,1,0,1
1200,1.0,"Hays, Mr. Charles Melville",male,55.0,1.0,1.0,12749,93.5,S,,0,6,1,1,1,0
1201,3.0,"Hansen, Mrs. Claus Peter (Jennie L Howard)",female,45.0,1.0,0.0,350026,14.1083,S,,9,5,1,0,0,0
1202,3.0,"Cacic, Mr. Jego Grga",male,18.0,0.0,0.0,315091,8.6625,S,,9,2,0,0,0,0
1203,3.0,"Vartanian, Mr. David",male,22.0,0.0,0.0,2658,7.225,C,,9,2,0,0,0,0
1204,3.0,"Sadowitz, Mr. Harry",male,,0.0,0.0,LP 1588,7.575,S,,9,-1,0,0,0,1
1205,3.0,"Carr, Miss. Jeannie",female,37.0,0.0,0.0,368364,7.75,Q,,9,4,0,0,0,1
1206,1.0,"White, Mrs. John Stuart (Ella Holmes)",female,55.0,0.0,0.0,PC 17760,135.6333,C,,0,6,0,0,2,1
1207,3.0,"Hagardon, Miss. Kate",female,17.0,0.0,0.0,AQ/3. 30631,7.7333,Q,,9,2,0,0,0,1
1208,1.0,"Spencer, Mr. William Augustus",male,57.0,1.0,0.0,PC 17569,146.5208,C,,0,7,1,0,2,0
1209,2.0,"Rogers, Mr. Reginald Harry",male,19.0,0.0,0.0,28004,10.5,S,,4,2,0,0,0,0
1210,3.0,"Jonsson, Mr. Nils Hilding",male,27.0,0.0,0.0,350408,7.8542,S,,9,3,0,0,0,0
1211,2.0,"Jefferys, Mr. Ernest Wilfred",male,22.0,2.0,0.0,C.A. 31029,31.5,S,,4,2,2,0,0,0
1212,3.0,"Andersson, Mr. Johan Samuel",male,26.0,0.0,0.0,347075,7.775,S,,9,3,0,0,0,0
1213,3.0,"Krekorian, Mr. Neshan",male,25.0,0.0,0.0,2654,7.2292,C,,9,3,0,0,0,0
1214,2.0,"Nesson, Mr. Israel",male,26.0,0.0,0.0,244368,13.0,S,,4,3,0,0,0,0
1215,1.0,"Rowe, Mr. Alfred G",male,33.0,0.0,0.0,113790,26.55,S,,0,4,0,0,0,0
1216,1.0,"Kreuchen, Miss. Emilie",female,39.0,0.0,0.0,24160,211.3375,S,,0,4,0,0,4,1
1217,3.0,"Assam, Mr. Ali",male,23.0,0.0,0.0,SOTON/O.Q. 3101309,7.05,S,,9,2,0,0,0,0
1218,2.0,"Becker, Miss. Ruth Elizabeth",female,12.0,2.0,1.0,230136,39.0,S,,4,1,2,1,0,1
1219,1.0,"Rosenshine, Mr. George (Mr George Thorne"")""",male,46.0,0.0,0.0,PC 17585,79.2,C,,0,5,0,0,1,0
1220,2.0,"Clarke, Mr. Charles Valentine",male,29.0,1.0,0.0,2003,26.0,S,,4,3,1,0,0,0
1221,2.0,"Enander, Mr. Ingvar",male,21.0,0.0,0.0,236854,13.0,S,,4,2,0,0,0,0
1222,2.0,"Davies, Mrs. John Morgan (Elizabeth Agnes Mary White) ",female,48.0,0.0,2.0,C.A. 33112,36.75,S,,4,5,0,3,0,1
1223,1.0,"Dulles, Mr. William Crothers",male,39.0,0.0,0.0,PC 17580,29.7,C,,0,4,0,0,0,0
1224,3.0,"Thomas, Mr. Tannous",male,,0.0,0.0,2684,7.225,C,,9,-1,0,0,0,1
1225,3.0,"Nakid, Mrs. Said (Waika Mary"" Mowad)""",female,19.0,1.0,1.0,2653,15.7417,C,,9,2,1,1,0,1
1226,3.0,"Cor, Mr. Ivan",male,27.0,0.0,0.0,349229,7.8958,S,,9,3,0,0,0,0
1227,1.0,"Maguire, Mr. John Edward",male,30.0,0.0,0.0,110469,26.0,S,,0,3,0,0,0,0
1228,2.0,"de Brito, Mr. Jose Joaquim",male,32.0,0.0,0.0,244360,13.0,S,,4,3,0,0,0,0
1229,3.0,"Elias, Mr. Joseph",male,39.0,0.0,2.0,2675,7.2292,C,,9,4,0,3,0,0
1230,2.0,"Denbury, Mr. Herbert",male,25.0,0.0,0.0,C.A. 31029,31.5,S,,4,3,0,0,0,0
1231,3.0,"Betros, Master. Seman",male,,0.0,0.0,2622,7.2292,C,,9,-1,0,0,0,1
1232,2.0,"Fillbrook, Mr. Joseph Charles",male,18.0,0.0,0.0,C.A. 15185,10.5,S,,4,2,0,0,0,0
1233,3.0,"Lundstrom, Mr. Thure Edvin",male,32.0,0.0,0.0,350403,7.5792,S,,9,3,0,0,0,0
1234,3.0,"Sage, Mr. John George",male,,1.0,9.0,CA. 2343,69.55,S,,9,-1,1,-1,1,1
1235,1.0,"Cardeza, Mrs. James Warburton Martinez (Charlotte Wardle Drake)",female,58.0,0.0,1.0,PC 17755,512.3292,C,,0,7,0,1,9,1
1236,3.0,"van Billiard, Master. James William",male,,1.0,1.0,A/5. 851,14.5,S,,9,-1,1,1,0,1
1237,3.0,"Abelseth, Miss. Karen Marie",female,16.0,0.0,0.0,348125,7.65,S,,9,1,0,0,0,1
1238,2.0,"Botsford, Mr. William Hull",male,26.0,0.0,0.0,237670,13.0,S,,4,3,0,0,0,0
1239,3.0,"Whabee, Mrs. George Joseph (Shawneene Abi-Saab)",female,38.0,0.0,0.0,2688,7.2292,C,,9,4,0,0,0,1
1240,2.0,"Giles, Mr. Ralph",male,24.0,0.0,0.0,248726,13.5,S,,4,2,0,0,0,0
1241,2.0,"Walcroft, Miss. Nellie",female,31.0,0.0,0.0,F.C.C. 13528,21.0,S,,4,3,0,0,0,1
1242,1.0,"Greenfield, Mrs. Leo David (Blanche Strouse)",female,45.0,0.0,1.0,PC 17759,63.3583,C,,0,5,0,1,1,1
1243,2.0,"Stokes, Mr. Philip Joseph",male,25.0,0.0,0.0,F.C.C. 13540,10.5,S,,4,3,0,0,0,0
1244,2.0,"Dibden, Mr. William",male,18.0,0.0,0.0,S.O.C. 14879,73.5,S,,4,2,0,0,1,0
1245,2.0,"Herman, Mr. Samuel",male,49.0,1.0,2.0,220845,65.0,S,,4,6,1,3,1,0
1246,3.0,"Dean, Miss. Elizabeth Gladys Millvina""""",female,0.17,1.0,2.0,C.A. 2315,20.575,S,,9,-1,1,3,0,1
1247,1.0,"Julian, Mr. Henry Forbes",male,50.0,0.0,0.0,113044,26.0,S,,0,6,0,0,0,0
1248,1.0,"Brown, Mrs. John Murray (Caroline Lane Lamson)",female,59.0,2.0,0.0,11769,51.4792,S,,0,7,2,0,1,1
1249,3.0,"Lockyer, Mr. Edward",male,,0.0,0.0,1222,7.8792,S,,9,-1,0,0,0,1
1250,3.0,"O'Keefe, Mr. Patrick",male,,0.0,0.0,368402,7.75,Q,,9,-1,0,0,0,1
1251,3.0,"Lindell, Mrs. Edvard Bengtsson (Elin Gerda Persson)",female,30.0,1.0,0.0,349910,15.55,S,,9,3,1,0,0,0
1252,3.0,"Sage, Master. William Henry",male,14.5,8.0,2.0,CA. 2343,69.55,S,,9,1,9,3,1,0
1253,2.0,"Mallet, Mrs. Albert (Antoinette Magnin)",female,24.0,1.0,1.0,S.C./PARIS 2079,37.0042,C,,4,2,1,1,0,1
1254,2.0,"Ware, Mrs. John James (Florence Louise Long)",female,31.0,0.0,0.0,CA 31352,21.0,S,,4,3,0,0,0,1
1255,3.0,"Strilic, Mr. Ivan",male,27.0,0.0,0.0,315083,8.6625,S,,9,3,0,0,0,0
1256,1.0,"Harder, Mrs. George Achilles (Dorothy Annan)",female,25.0,1.0,0.0,11765,55.4417,C,,0,3,1,0,1,1
1257,3.0,"Sage, Mrs. John (Annie Bullen)",female,,1.0,9.0,CA. 2343,69.55,S,,9,-1,1,-1,1,0
1258,3.0,"Caram, Mr. Joseph",male,,1.0,0.0,2689,14.4583,C,,9,-1,1,0,0,1
1259,3.0,"Riihivouri, Miss. Susanna Juhantytar Sanni""""",female,22.0,0.0,0.0,3101295,39.6875,S,,9,2,0,0,0,0
1260,1.0,"Gibson, Mrs. Leonard (Pauline C Boeson)",female,45.0,0.0,1.0,112378,59.4,C,,0,5,0,1,1,1
1261,2.0,"Pallas y Castello, Mr. Emilio",male,29.0,0.0,0.0,SC/PARIS 2147,13.8583,C,,4,3,0,0,0,0
1262,2.0,"Giles, Mr. Edgar",male,21.0,1.0,0.0,28133,11.5,S,,4,2,1,0,0,0
1263,1.0,"Wilson, Miss. Helen Alice",female,31.0,0.0,0.0,16966,134.5,C,,0,3,0,0,2,1
1264,1.0,"Ismay, Mr. Joseph Bruce",male,49.0,0.0,0.0,112058,0.0,S,,0,6,0,0,0,0
1265,2.0,"Harbeck, Mr. William H",male,44.0,0.0,0.0,248746,13.0,S,,4,5,0,0,0,0
1266,1.0,"Dodge, Mrs. Washington (Ruth Vidaver)",female,54.0,1.0,1.0,33638,81.8583,S,,0,6,1,1,1,1
1267,1.0,"Bowen, Miss. Grace Scott",female,45.0,0.0,0.0,PC 17608,262.375,C,,0,5,0,0,5,1
1268,3.0,"Kink, Miss. Maria",female,22.0,2.0,0.0,315152,8.6625,S,,9,2,2,0,0,0
1269,2.0,"Cotterill, Mr. Henry Harry""""",male,21.0,0.0,0.0,29107,11.5,S,,4,2,0,0,0,0
1270,1.0,"Hipkins, Mr. William Edward",male,55.0,0.0,0.0,680,50.0,S,,0,6,0,0,0,0
1271,3.0,"Asplund, Master. Carl Edgar",male,5.0,4.0,2.0,347077,31.3875,S,,9,0,4,3,0,0
1272,3.0,"O'Connor, Mr. Patrick",male,,0.0,0.0,366713,7.75,Q,,9,-1,0,0,0,1
1273,3.0,"Foley, Mr. Joseph",male,26.0,0.0,0.0,330910,7.8792,Q,,9,3,0,0,0,0
1274,3.0,"Risien, Mrs. Samuel (Emma)",female,,0.0,0.0,364498,14.5,S,,9,-1,0,0,0,1
1275,3.0,"McNamee, Mrs. Neal (Eileen O'Leary)",female,19.0,1.0,0.0,376566,16.1,S,,9,2,1,0,0,1
1276,2.0,"Wheeler, Mr. Edwin Frederick""""",male,,0.0,0.0,SC/PARIS 2159,12.875,S,,4,-1,0,0,0,1
1277,2.0,"Herman, Miss. Kate",female,24.0,1.0,2.0,220845,65.0,S,,4,2,1,3,1,1
1278,3.0,"Aronsson, Mr. Ernst Axel Algot",male,24.0,0.0,0.0,349911,7.775,S,,9,2,0,0,0,0
1279,2.0,"Ashby, Mr. John",male,57.0,0.0,0.0,244346,13.0,S,,4,7,0,0,0,0
1280,3.0,"Canavan, Mr. Patrick",male,21.0,0.0,0.0,364858,7.75,Q,,9,2,0,0,0,0
1281,3.0,"Palsson, Master. Paul Folke",male,6.0,3.0,1.0,349909,21.075,S,,9,0,3,1,0,0
1282,1.0,"Payne, Mr. Vivian Ponsonby",male,23.0,0.0,0.0,12749,93.5,S,,0,2,0,0,1,0
1283,1.0,"Lines, Mrs. Ernest H (Elizabeth Lindsey James)",female,51.0,0.0,1.0,PC 17592,39.4,S,,0,6,0,1,0,1
1284,3.0,"Abbott, Master. Eugene Joseph",male,13.0,0.0,2.0,C.A. 2673,20.25,S,,9,1,0,3,0,0
1285,2.0,"Gilbert, Mr. William",male,47.0,0.0,0.0,C.A. 30769,10.5,S,,4,5,0,0,0,0
1286,3.0,"Kink-Heilmann, Mr. Anton",male,29.0,3.0,1.0,315153,22.025,S,,9,3,3,1,0,0
1287,1.0,"Smith, Mrs. Lucien Philip (Mary Eloise Hughes)",female,18.0,1.0,0.0,13695,60.0,S,,0,2,1,0,1,1
1288,3.0,"Colbert, Mr. Patrick",male,24.0,0.0,0.0,371109,7.25,Q,,9,2,0,0,0,0
1289,1.0,"Frolicher-Stehli, Mrs. Maxmillian (Margaretha Emerentia Stehli)",female,48.0,1.0,1.0,13567,79.2,C,,0,5,1,1,1,1
1290,3.0,"Larsson-Rondberg, Mr. Edvard A",male,22.0,0.0,0.0,347065,7.775,S,,9,2,0,0,0,0
1291,3.0,"Conlon, Mr. Thomas Henry",male,31.0,0.0,0.0,21332,7.7333,Q,,9,3,0,0,0,0
1292,1.0,"Bonnell, Miss. Caroline",female,30.0,0.0,0.0,36928,164.8667,S,,0,3,0,0,3,1
1293,2.0,"Gale, Mr. Harry",male,38.0,1.0,0.0,28664,21.0,S,,4,4,1,0,0,0
1294,1.0,"Gibson, Miss. Dorothy Winifred",female,22.0,0.0,1.0,112378,59.4,C,,0,2,0,1,1,1
1295,1.0,"Carrau, Mr. Jose Pedro",male,17.0,0.0,0.0,113059,47.1,S,,0,2,0,0,0,0
1296,1.0,"Frauenthal, Mr. Isaac Gerald",male,43.0,1.0,0.0,17765,27.7208,C,,0,5,1,0,0,0
1297,2.0,"Nourney, Mr. Alfred (Baron von Drachstedt"")""",male,20.0,0.0,0.0,SC/PARIS 2166,13.8625,C,,4,2,0,0,0,0
1298,2.0,"Ware, Mr. William Jeffery",male,23.0,1.0,0.0,28666,10.5,S,,4,2,1,0,0,0
1299,1.0,"Widener, Mr. George Dunton",male,50.0,1.0,1.0,113503,211.5,C,,0,6,1,1,4,0
1300,3.0,"Riordan, Miss. Johanna Hannah""""",female,,0.0,0.0,334915,7.7208,Q,,9,-1,0,0,0,1
1301,3.0,"Peacock, Miss. Treasteall",female,3.0,1.0,1.0,SOTON/O.Q. 3101315,13.775,S,,9,0,1,1,0,1
1302,3.0,"Naughton, Miss. Hannah",female,,0.0,0.0,365237,7.75,Q,,9,-1,0,0,0,1
1303,1.0,"Minahan, Mrs. William Edward (Lillian E Thorpe)",female,37.0,1.0,0.0,19928,90.0,Q,,0,4,1,0,1,1
1304,3.0,"Henriksson, Miss. Jenny Lovisa",female,28.0,0.0,0.0,347086,7.775,S,,9,3,0,0,0,1
1305,3.0,"Spector, Mr. Woolf",male,,0.0,0.0,A.5. 3236,8.05,S,,9,-1,0,0,0,1
1306,1.0,"Oliva y Ocana, Dona. Fermina",female,39.0,0.0,0.0,PC 17758,108.9,C,,0,4,0,0,2,1
1307,3.0,"Saether, Mr. Simon Sivertsen",male,38.5,0.0,0.0,SOTON/O.Q. 3101262,7.25,S,,9,4,0,0,0,0
1308,3.0,"Ware, Mr. Frederick",male,,0.0,0.0,359309,8.05,S,,9,-1,0,0,0,1
1309,3.0,"Peter, Master. Michael J",male,,1.0,1.0,2668,22.3583,C,,9,-1,1,1,0,1
